<?xml version="1.0" encoding="UTF-8"?>
<!DOCTYPE mapper
    PUBLIC "-//mybatis.org//DTD Mapper 3.0//EN"
    "https://mybatis.org/dtd/mybatis-3-mapper.dtd">

<mapper namespace="com.care.coffee.board.BoardMapper">


	<select id="boardForm">
		SELECT B.* FROM (
		SELECT ROWNUM as r, A.* FROM (
		SELECT news.* FROM news ORDER BY no DESC)A
		)B
		WHERE B.r BETWEEN #{begin}
		AND #{end}
	</select>

	<select id="totalCount">
		SELECT count(no) FROM news
	</select>

	<insert id="boardWriteProc">
		<selectKey order="BEFORE" keyProperty="no" resultType="int">
			SELECT NVL(max(no), 0)+1 FROM news
		</selectKey>
		INSERT INTO news
		VALUES(#{no}, #{title}, #{content}, #{writer},
		0, 0, sysdate, #{picture})
	</insert>

	<select id="boardContent">
		SELECT * FROM news WHERE no=#{n}
	</select>

	<update id="incrementReadcount">
		UPDATE news SET readcount=readcount+1 WHERE no=#{n}
	</update>

	<select id="boardDownload">
		SELECT file_name FROM news WHERE no=#{n}
	</select>

	<update id="boardModifyProc">
		UPDATE news SET title=#{title}, content=#{content}
		WHERE no=#{no}
	</update>

	<delete id="boardDeleteProc">
		DELETE FROM news WHERE no=#{n}
	</delete>


</mapper>










