<?xml version="1.0" encoding="UTF-8"?>
<!DOCTYPE mapper
    PUBLIC "-//mybatis.org//DTD Mapper 3.0//EN"
    "https://mybatis.org/dtd/mybatis-3-mapper.dtd">
<!-- 
window - preferences - Maven - "Download Artifact Javadoc" check 
 -->
<mapper namespace="com.care.coffee.member.IMemberMapper">
	<resultMap type="com.care.coffee.member.MemberDTO" id="member">
		<result column="user_id" property="userId"/>
		<result column="register_day" property="registerDay"/>
		<result column="detail_address" property="detailAddress"/>
		<result column="GRADE_NAME" property="gradeName"/>
	</resultMap>
	
	<insert id="registProc">
		INSERT INTO member 
		VALUES(member_seq.nextval, #{userId}, #{password}, #{name}, #{birthday}, #{phone}, #{email}, #{postcode}, #{address}, #{detailAddress}, #{nickName}, 0, #{coupon}, sysdate, #{status})
	</insert>
	
	<select id="checkMember">
		SELECT count(*) FROM member 
		WHERE birthday=#{birthday} and phone=#{phone} and name=#{name}
	</select>
	
	<select id="idCheck" parameterType="String" resultType="int">
        select count(*) from member where user_id=#{userId}
    </select>
    
    <select id="nickCheck" parameterType="String" resultType="int">
        select count(*) from member where nickname=#{nickName}
    </select>
    
    <select id="login" resultMap="member">
		select B.name GRADE_NAME, A.* 
		from member A, grade B 
		where user_id = #{userId} AND A.grade=B.no

	</select>
	
	<select id= "searchId"  >
		SELECT user_id FROM member WHERE name=#{name} AND phone=#{phone}
	</select>
	
	<select id="checkLogin">
		SELECT password FROM member WHERE user_id=#{userId}
	</select>
	
	<update id ="newPw" >
        UPDATE member
        SET password = #{password}
        WHERE user_id = #{userId}
	</update>
	
	<select id="getMember">
		SELECT count(*) FROM member WHERE user_id=#{userId}
	</select>

	<select id ="myinfo" resultMap="member">
		SELECT B.name grade_name, A.* 
		FROM member A, grade B 
		WHERE user_id =#{userId} AND A.grade=B.no
	</select>
	
	
	<update id="modifyProc">
		UPDATE member 
		SET password=#{password}, name=#{name}, birthday=#{birthday}, email=#{email}, phone=#{phone}, postcode=#{postcode}, address=#{address}, detail_address=#{detailAddress},  nickname=#{nickName}
		WHERE user_id=#{userId}
	</update>
	
	
	<delete id="deleteProc">
		DELETE FROM member WHERE user_id=#{userId}
	</delete>
</mapper>











